plate,longitude,latitude,time,status
4,114.10971799999999,22.554817,2016-10-05 00:38:06,1
4,114.07863600000002,22.53495,2016-10-05 00:44:06,1
4,114.07708000000001,22.535534,2016-10-05 00:45:08,0
4,114.077164,22.536133,2016-10-05 00:45:58,1
4,114.112297,22.545834,2016-10-05 01:21:10,1
4,114.10621599999999,22.545317,2016-10-05 01:22:10,1
4,114.105003,22.549217000000002,2016-10-05 01:23:10,1
4,114.10365300000001,22.55295,2016-10-05 01:24:10,1
3,114.029182,22.612717,2016-10-05 01:29:09,1
3,114.029182,22.612717,2016-10-05 01:30:09,1
3,114.03393600000001,22.612867,2016-10-05 01:31:10,1
3,114.036552,22.609632,2016-10-05 01:32:10,1
3,114.04176299999999,22.60335,2016-10-05 01:33:10,1
3,114.04335,22.601418,2016-10-05 01:34:10,1
3,114.04826399999999,22.592466,2016-10-05 01:35:10,1
3,114.05407,22.582434,2016-10-05 01:36:10,1
3,114.060799,22.575332999999997,2016-10-05 01:37:10,1
3,114.14043400000001,22.555866,2016-10-05 02:05:23,0
3,114.13631399999998,22.557249,2016-10-05 02:05:43,0
3,114.135719,22.558001,2016-10-05 02:06:02,1
3,114.135147,22.558283,2016-10-05 02:06:22,1
3,114.13573500000001,22.557699,2016-10-05 02:06:42,1
3,114.136749,22.5567,2016-10-05 02:07:02,1
3,114.13773300000001,22.555683,2016-10-05 02:07:12,1
4,114.16633600000002,22.564251000000002,2016-10-05 02:11:11,0
4,114.16633600000002,22.564251000000002,2016-10-05 02:12:12,0
4,114.16633600000002,22.564251000000002,2016-10-05 02:13:12,0
4,114.16633600000002,22.564251000000002,2016-10-05 02:14:11,0
4,114.16633600000002,22.564251000000002,2016-10-05 02:15:11,0
4,114.16633600000002,22.564251000000002,2016-10-05 02:16:11,0
4,114.16633600000002,22.564251000000002,2016-10-05 02:17:11,0
4,114.16633600000002,22.564251000000002,2016-10-05 02:18:12,0
4,114.16633600000002,22.564251000000002,2016-10-05 02:19:12,0
4,114.16633600000002,22.564251000000002,2016-10-05 02:20:12,0
4,114.16633600000002,22.564251000000002,2016-10-05 02:21:12,0
4,114.16633600000002,22.564251000000002,2016-10-05 02:22:12,0
4,114.16633600000002,22.564251000000002,2016-10-05 02:23:12,0
4,114.16633600000002,22.564251000000002,2016-10-05 02:24:12,0
4,114.16633600000002,22.564251000000002,2016-10-05 02:25:12,0
4,114.16633600000002,22.564251000000002,2016-10-05 02:26:12,0
4,114.16633600000002,22.564251000000002,2016-10-05 02:27:12,0
4,114.16633600000002,22.564251000000002,2016-10-05 02:28:12,0
4,114.16633600000002,22.564251000000002,2016-10-05 02:29:12,0
4,114.16633600000002,22.564251000000002,2016-10-05 02:30:12,0
4,114.16633600000002,22.564251000000002,2016-10-05 02:31:12,0
4,114.16633600000002,22.564251000000002,2016-10-05 02:32:12,0
4,114.16633600000002,22.564251000000002,2016-10-05 02:33:12,0
4,114.16633600000002,22.564251000000002,2016-10-05 02:34:12,0
4,114.16633600000002,22.564251000000002,2016-10-05 02:35:12,0
4,114.16633600000002,22.564251000000002,2016-10-05 02:36:12,0
4,114.16633600000002,22.564251000000002,2016-10-05 02:37:12,0
4,114.16633600000002,22.564251000000002,2016-10-05 02:38:12,0
4,114.16633600000002,22.564251000000002,2016-10-05 02:39:12,0
4,114.16633600000002,22.564251000000002,2016-10-05 02:40:12,0
4,114.16633600000002,22.564251000000002,2016-10-05 02:42:12,0
4,114.16633600000002,22.564251000000002,2016-10-05 02:43:12,0
4,114.16633600000002,22.564251000000002,2016-10-05 02:44:12,0
4,114.16633600000002,22.564251000000002,2016-10-05 02:45:12,0
0,114.084846,22.543167,2016-10-05 00:00:21,0
1,114.111984,22.531482999999998,2016-10-05 00:00:29,0
1,114.112068,22.531532000000002,2016-10-05 00:01:09,0
0,114.089798,22.543266,2016-10-05 00:02:01,0
0,114.08951599999999,22.543051000000002,2016-10-05 00:03:11,0
0,114.08944699999999,22.543182,2016-10-05 00:03:41,0
0,114.090599,22.543432,2016-10-05 00:04:11,1
0,114.101952,22.54825,2016-10-05 00:07:29,0
1,114.11771399999999,22.541384,2016-10-05 00:08:07,0
0,114.10271499999999,22.548918,2016-10-05 00:08:29,0
1,114.11873600000001,22.540367,2016-10-05 00:09:07,0
1,114.119316,22.539333,2016-10-05 00:10:46,0
1,114.11930100000001,22.539368,2016-10-05 00:10:54,0
0,114.10003700000001,22.543484,2016-10-05 00:11:09,0
1,114.11993400000001,22.538651,2016-10-05 00:12:10,0
0,114.105034,22.541332,2016-10-05 01:56:15,0
4,114.092751,22.5415,2016-10-05 03:37:13,0
0,114.10496499999999,22.541283,2016-10-05 01:58:05,0
4,114.09513100000001,22.543118,2016-10-05 03:38:13,0
4,114.09935,22.543501000000003,2016-10-05 03:39:13,0
2,113.928329,22.534651,2016-10-05 01:59:32,1
4,114.09956399999999,22.546833,2016-10-05 03:40:13,0
2,113.92710100000001,22.541468,2016-10-05 02:00:11,1
0,114.10506399999998,22.541283,2016-10-05 02:00:35,0
4,114.10203600000001,22.548218,2016-10-05 03:41:13,0
2,113.92878,22.551482999999998,2016-10-05 02:01:06,1
0,114.104881,22.541149,2016-10-05 02:01:45,0
2,113.929832,22.55545,2016-10-05 02:01:53,1
0,114.10473600000002,22.541117,2016-10-05 02:02:25,0
0,114.10493500000001,22.541233,2016-10-05 02:04:15,0
0,114.10493500000001,22.541218,2016-10-05 02:06:45,0
0,114.09966999999999,22.543966,2016-10-05 02:09:55,1
0,114.099602,22.547167,2016-10-05 02:10:25,1
2,113.88960300000001,22.571934,2016-10-05 02:11:30,0
0,114.099548,22.5518,2016-10-05 02:11:55,1
0,114.09944899999999,22.554182,2016-10-05 02:12:35,1
2,113.89211999999999,22.569782,2016-10-05 02:12:35,0
0,114.099434,22.554968,2016-10-05 02:13:15,1
0,114.09938000000001,22.563132999999997,2016-10-05 02:16:02,1
0,114.099152,22.570632999999997,2016-10-05 02:16:42,1
1,114.1185,22.539967,2016-10-05 02:17:22,1
0,114.099281,22.58025,2016-10-05 02:18:02,1
2,113.904366,22.5562,2016-10-05 02:18:18,0
1,114.113449,22.5383,2016-10-05 02:18:18,1
3,114.009201,22.548033,2016-10-05 04:05:18,1
3,114.00692,22.549267,2016-10-05 04:06:18,1
3,113.998802,22.546417,2016-10-05 04:07:18,1
0,114.094254,22.581232,2016-10-05 02:21:11,0
0,114.094719,22.580617999999998,2016-10-05 02:21:52,0
3,113.98217,22.548651,2016-10-05 04:09:18,1
3,113.97966799999999,22.550182,2016-10-05 04:10:18,1
2,113.904449,22.55625,2016-10-05 02:23:58,0
0,114.09853400000001,22.577534,2016-10-05 02:24:22,0
2,113.904404,22.5562,2016-10-05 02:24:36,1
1,114.086601,22.538868,2016-10-05 02:25:03,0
0,114.098717,22.572416,2016-10-05 02:25:32,0
0,114.09873200000001,22.570883,2016-10-05 02:25:42,0
3,113.91478000000001,22.554934,2016-10-05 04:16:18,1
2,113.92491899999999,22.555283,2016-10-05 02:27:33,1
1,114.08418300000001,22.542583,2016-10-05 02:27:58,0
1,114.087799,22.544683,2016-10-05 02:29:01,0
0,114.093681,22.55855,2016-10-05 02:29:31,0
1,114.08809699999999,22.543516,2016-10-05 02:30:59,1
0,114.084579,22.554733,2016-10-05 02:32:02,0
2,113.986519,22.559017,2016-10-05 02:32:11,1
0,114.082619,22.554068,2016-10-05 02:32:42,0
2,113.997704,22.555733,2016-10-05 02:33:07,1
1,114.06770300000001,22.543734,2016-10-05 02:33:15,1
1,114.067497,22.542883,2016-10-05 02:33:23,1
0,114.081535,22.55205,2016-10-05 02:34:02,0
1,114.06353,22.537701000000002,2016-10-05 02:35:20,1
1,114.06316399999999,22.535282000000002,2016-10-05 02:36:33,1
1,114.06226299999999,22.533783,2016-10-05 02:37:12,0
1,114.063103,22.52635,2016-10-05 02:39:12,0
2,114.077652,22.572416,2016-10-05 02:39:43,1
0,114.084602,22.545548999999998,2016-10-05 02:41:02,0
2,114.07968100000001,22.573917,2016-10-05 02:43:25,0
0,114.0849,22.545417999999998,2016-10-05 02:44:52,0
4,114.11546299999999,22.538584,2016-10-05 04:39:14,0
1,114.059937,22.531317,2016-10-05 02:45:33,1
0,114.08470200000001,22.545616,2016-10-05 02:46:42,0
2,114.069351,22.569366,2016-10-05 02:46:58,0
0,114.08470200000001,22.545616,2016-10-05 02:47:22,0
2,114.05308500000001,22.565367000000002,2016-10-05 02:50:25,0
0,114.084732,22.545583999999998,2016-10-05 02:51:12,0
4,114.11546299999999,22.538584,2016-10-05 04:47:14,0
4,114.11546299999999,22.538584,2016-10-05 04:48:14,0
2,114.05632,22.568033,2016-10-05 02:54:22,1
0,114.084732,22.545583999999998,2016-10-05 02:55:02,0
2,114.05957,22.570984,2016-10-05 02:55:25,1
1,114.119049,22.53965,2016-10-05 02:56:14,0
2,114.05838,22.562483,2016-10-05 02:58:04,1
0,114.084732,22.545583999999998,2016-10-05 02:58:12,0
0,114.084732,22.545583999999998,2016-10-05 02:59:32,0
1,114.112251,22.5389,2016-10-05 03:00:05,1
0,114.084732,22.545583999999998,2016-10-05 03:00:12,0
2,114.07173200000001,22.558083,2016-10-05 03:00:12,1
0,114.084732,22.545583999999998,2016-10-05 03:00:52,0
0,114.084732,22.545583999999998,2016-10-05 03:01:32,0
2,114.09106399999999,22.558317000000002,2016-10-05 03:01:56,1
0,114.084732,22.545583999999998,2016-10-05 03:03:42,0
1,114.112633,22.56765,2016-10-05 03:04:40,1
0,114.084503,22.545366,2016-10-05 03:05:12,0
0,114.084503,22.545366,2016-10-05 03:05:52,0
1,114.114304,22.576468,2016-10-05 03:05:53,1
0,114.087135,22.545401000000002,2016-10-05 03:08:42,0
2,114.104301,22.552851,2016-10-05 03:09:06,1
4,114.11546299999999,22.538584,2016-10-05 05:10:15,0
1,114.10573600000001,22.586349,2016-10-05 03:10:11,1
1,114.105667,22.586733,2016-10-05 03:10:41,0
0,114.08538100000001,22.549282,2016-10-05 03:10:52,0
4,114.11546299999999,22.538584,2016-10-05 05:13:15,0
0,114.082718,22.549084,2016-10-05 03:11:33,1
2,114.10884899999999,22.541767,2016-10-05 03:11:49,1
1,114.105797,22.58555,2016-10-05 03:12:06,0
0,114.078751,22.549084,2016-10-05 03:13:03,1
1,114.10416399999998,22.581266,2016-10-05 03:13:53,0
0,114.082848,22.543249,2016-10-05 03:16:03,1
0,114.083717,22.543417,2016-10-05 03:17:33,0
0,114.088699,22.542433,2016-10-05 03:19:03,0
2,114.06891599999999,22.542168,2016-10-05 03:19:28,1
0,114.086952,22.540968,2016-10-05 03:19:53,0
2,114.06788600000002,22.550783,2016-10-05 03:20:58,1
4,114.11546299999999,22.538584,2016-10-05 05:25:15,0
0,114.084099,22.543118,2016-10-05 03:22:03,0
2,114.06255300000001,22.560817999999998,2016-10-05 03:23:58,1
1,114.082748,22.54915,2016-10-05 03:24:06,1
1,114.080132,22.549084,2016-10-05 03:24:32,1
1,114.06783300000001,22.553682000000002,2016-10-05 03:27:06,1
1,114.067802,22.555099,2016-10-05 03:27:14,1
2,114.056335,22.574034,2016-10-05 03:28:11,0
0,114.078934,22.540216,2016-10-05 03:31:01,1
1,114.06057,22.559982,2016-10-05 03:32:33,0
1,114.060097,22.56045,2016-10-05 03:32:40,0
0,114.08403,22.547068,2016-10-05 03:37:01,0
2,114.05401599999999,22.570932,2016-10-05 03:37:17,1
1,114.062752,22.545799,2016-10-05 03:37:48,0
0,114.08746299999999,22.547132,2016-10-05 03:37:51,0
1,114.062851,22.541683,2016-10-05 03:38:14,0
4,114.128487,22.590334,2016-10-05 05:46:13,1
0,114.089569,22.5471,2016-10-05 03:38:31,0
2,114.046051,22.565117,2016-10-05 03:39:12,1
2,114.03946699999999,22.563617999999998,2016-10-05 03:39:51,1
0,114.09113300000001,22.543516,2016-10-05 03:40:41,0
2,114.04377,22.556383,2016-10-05 03:42:12,1
2,114.04401399999999,22.55335,2016-10-05 03:43:24,1
2,114.04405200000001,22.550917000000002,2016-10-05 03:44:07,1
1,114.06383500000001,22.539082999999998,2016-10-05 03:46:03,0
1,114.06385,22.539101000000002,2016-10-05 03:46:11,0
0,114.093552,22.543167,2016-10-05 03:46:18,0
0,114.093552,22.543167,2016-10-05 03:47:08,0
2,114.029747,22.546782999999998,2016-10-05 03:48:30,1
0,114.093552,22.543167,2016-10-05 03:48:38,0
0,114.093552,22.543167,2016-10-05 03:50:08,0
2,114.021736,22.544901,2016-10-05 03:50:15,1
1,114.063965,22.539182999999998,2016-10-05 03:50:54,0
1,114.06398,22.539182999999998,2016-10-05 03:50:59,0
1,114.06383500000001,22.539182999999998,2016-10-05 03:51:08,0
0,114.099434,22.541134,2016-10-05 03:55:46,0
2,114.03101299999999,22.523884,2016-10-05 03:55:45,0
0,114.10283700000001,22.54285,2016-10-05 03:57:16,0
2,114.02761799999999,22.529034,2016-10-05 03:57:24,0
3,113.862518,22.601132999999997,2016-10-05 06:10:28,0
1,114.109283,22.5453,2016-10-05 03:58:14,0
3,113.862518,22.601132999999997,2016-10-05 06:12:28,0
0,114.10481999999999,22.5415,2016-10-05 03:59:36,0
3,113.862518,22.601132999999997,2016-10-05 06:13:28,0
0,114.10481999999999,22.5415,2016-10-05 04:00:26,0
2,113.99481999999999,22.527983,2016-10-05 04:00:42,0
3,113.862518,22.601132999999997,2016-10-05 06:14:28,0
0,114.104836,22.541218,2016-10-05 04:01:16,0
3,113.862518,22.601132999999997,2016-10-05 06:15:28,0
2,113.97938500000001,22.522984,2016-10-05 04:02:13,0
1,114.11692,22.551033,2016-10-05 04:02:39,0
0,114.10495,22.541201,2016-10-05 04:02:46,0
3,113.86648600000001,22.595817999999998,2016-10-05 06:16:28,0
3,113.87053700000001,22.587533999999998,2016-10-05 06:17:28,0
0,114.104851,22.540982999999997,2016-10-05 04:04:16,0
3,113.865715,22.583117,2016-10-05 06:18:28,0
3,113.863747,22.580999,2016-10-05 06:19:28,0
0,114.105148,22.5403,2016-10-05 04:05:46,0
3,113.86451699999999,22.579432999999998,2016-10-05 06:20:28,0
1,114.125114,22.553417,2016-10-05 04:06:34,0
3,113.86726399999999,22.573999,2016-10-05 06:21:28,0
4,114.14623300000001,22.5553,2016-10-05 06:22:10,0
3,113.86423500000001,22.573116,2016-10-05 06:22:28,0
3,113.863983,22.573067,2016-10-05 06:23:28,0
1,114.12283300000001,22.548901,2016-10-05 04:09:03,0
3,113.863983,22.573067,2016-10-05 06:24:28,0
0,114.105034,22.54105,2016-10-05 04:09:26,0
3,113.863983,22.573067,2016-10-05 06:25:28,0
1,114.124153,22.548767,2016-10-05 04:10:08,0
3,113.863983,22.573067,2016-10-05 06:26:28,0
2,113.918434,22.543283,2016-10-05 04:11:22,0
1,114.120598,22.547216,2016-10-05 04:11:39,0
3,113.863983,22.573067,2016-10-05 06:27:28,0
0,114.104752,22.541267,2016-10-05 04:11:46,0
3,113.863983,22.573067,2016-10-05 06:28:28,0
1,114.119499,22.546967000000002,2016-10-05 04:12:44,0
3,113.863983,22.573067,2016-10-05 06:29:28,0
0,114.10498,22.540916,2016-10-05 04:13:16,0
3,113.863983,22.573067,2016-10-05 06:30:28,0
2,113.903099,22.558232999999998,2016-10-05 04:14:38,0
1,114.119781,22.54595,2016-10-05 04:14:39,0
0,114.105034,22.540982999999997,2016-10-05 04:14:46,0
3,113.863983,22.573067,2016-10-05 06:31:28,0
0,114.105034,22.540982999999997,2016-10-05 04:15:36,0
3,113.863983,22.573067,2016-10-05 06:32:28,0
0,114.105186,22.540567000000003,2016-10-05 04:17:06,0
0,114.10481999999999,22.5413,2016-10-05 04:18:36,0
2,113.89908600000001,22.571768,2016-10-05 04:19:08,0
3,113.883247,22.56465,2016-10-05 06:37:30,1
0,114.10481999999999,22.5413,2016-10-05 04:20:06,0
0,114.104752,22.541367,2016-10-05 04:21:36,0
2,113.900848,22.575283,2016-10-05 04:22:01,0
2,113.900948,22.575198999999998,2016-10-05 04:23:40,0
1,114.12106299999999,22.542801,2016-10-05 04:24:36,1
2,113.900833,22.5753,2016-10-05 04:24:53,0
3,113.92446899999999,22.530582,2016-10-05 06:44:30,1
3,113.922836,22.520218,2016-10-05 06:45:30,1
0,114.118851,22.543833,2016-10-05 04:26:24,1
1,114.115219,22.539118,2016-10-05 04:26:40,1
3,113.92205,22.518048999999998,2016-10-05 06:46:30,1
2,113.900848,22.575251,2016-10-05 04:27:44,0
3,113.91701499999999,22.503483,2016-10-05 06:49:30,1
1,114.074432,22.531799,2016-10-05 04:31:19,1
2,113.90093200000001,22.575367,2016-10-05 04:31:34,0
0,114.11413600000002,22.54105,2016-10-05 04:31:51,0
0,114.11413600000002,22.539182999999998,2016-10-05 04:32:31,0
2,113.90091699999999,22.575451,2016-10-05 04:32:39,0
0,114.111732,22.540233999999998,2016-10-05 04:34:01,0
0,114.11177099999999,22.53945,2016-10-05 04:34:51,0
1,114.016182,22.531183,2016-10-05 04:35:40,1
0,114.111549,22.540367,2016-10-05 04:36:21,0
0,114.113831,22.539382999999997,2016-10-05 04:37:51,0
1,113.97678400000001,22.5229,2016-10-05 04:38:48,1
1,113.969284,22.52285,2016-10-05 04:39:22,1
2,113.91597,22.574984,2016-10-05 04:39:19,1
0,114.11401399999998,22.5371,2016-10-05 04:39:21,0
0,114.11239599999999,22.536051,2016-10-05 04:40:51,0
2,113.927986,22.565817000000003,2016-10-05 04:40:59,1
3,113.92878,22.517668,2016-10-05 07:07:25,0
2,113.980217,22.553783,2016-10-05 04:43:59,0
0,114.112381,22.536066,2016-10-05 04:44:01,0
0,114.11338,22.535717,2016-10-05 04:44:51,0
1,113.94736499999999,22.525917,2016-10-05 04:46:22,0
1,113.947731,22.526367,2016-10-05 04:46:47,0
2,114.01828,22.526117000000003,2016-10-05 04:46:51,0
0,114.11316699999999,22.534166,2016-10-05 04:47:11,0
2,114.02351399999999,22.522932,2016-10-05 04:47:11,0
2,114.03939799999999,22.514467,2016-10-05 04:48:11,0
2,114.04097,22.51395,2016-10-05 04:48:16,0
0,114.11273200000001,22.53405,2016-10-05 04:48:41,0
0,114.113747,22.534332,2016-10-05 04:49:21,0
2,114.066299,22.522516,2016-10-05 04:51:30,1
0,114.11703500000002,22.539734,2016-10-05 04:51:41,1
0,114.11322,22.538282000000002,2016-10-05 04:54:01,1
0,114.11322,22.538282000000002,2016-10-05 04:54:51,1
2,114.068367,22.5242,2016-10-05 04:55:48,0
2,114.06821399999998,22.53565,2016-10-05 04:57:35,0
2,114.050568,22.542732,2016-10-05 05:01:09,0
2,114.044899,22.542583,2016-10-05 05:02:14,0
2,114.03088400000001,22.540916,2016-10-05 05:04:09,0
2,114.028267,22.540501000000003,2016-10-05 05:04:30,0
0,114.01505300000001,22.531067,2016-10-05 05:04:59,1
2,114.01511399999998,22.538366,2016-10-05 05:06:38,0
2,114.011765,22.537767000000002,2016-10-05 05:07:13,0
0,113.99295,22.534349,2016-10-05 05:08:19,1
0,113.98811299999998,22.536317999999998,2016-10-05 05:09:49,1
2,113.998703,22.535667,2016-10-05 05:10:31,0
0,113.963867,22.545633,2016-10-05 05:13:49,0
0,113.96376799999999,22.543217000000002,2016-10-05 05:16:08,0
0,113.96151699999999,22.542917000000003,2016-10-05 05:16:59,0
2,113.955353,22.54355,2016-10-05 05:18:13,0
0,113.96633100000001,22.540751,2016-10-05 05:18:29,0
0,113.97148100000001,22.538782,2016-10-05 05:19:59,0
2,113.930847,22.542801,2016-10-05 05:21:38,0
2,113.921333,22.543167,2016-10-05 05:22:46,0
0,113.990051,22.535418,2016-10-05 05:23:09,0
2,113.918617,22.544968,2016-10-05 05:23:41,0
0,113.996399,22.534634,2016-10-05 05:24:39,0
2,113.918503,22.552999,2016-10-05 05:25:19,0
2,113.92201999999999,22.555082000000002,2016-10-05 05:26:33,0
0,114.00668300000001,22.536333,2016-10-05 05:26:49,0
0,114.01505300000001,22.537649,2016-10-05 05:28:19,0
0,114.02314799999999,22.5392,2016-10-05 05:29:49,0
0,114.03148700000001,22.540684,2016-10-05 05:31:19,0
0,114.034554,22.5478,2016-10-05 05:34:19,0
0,114.03347,22.553383,2016-10-05 05:35:49,0
2,113.91943400000001,22.56185,2016-10-05 05:36:53,0
0,114.02961699999999,22.556482,2016-10-05 05:37:19,0
2,113.91642,22.563999,2016-10-05 05:37:27,0
0,114.024902,22.562584,2016-10-05 05:38:49,0
2,113.91909799999999,22.569567000000003,2016-10-05 05:39:01,0
2,113.91928100000001,22.569668,2016-10-05 05:39:03,0
2,113.919647,22.569901,2016-10-05 05:39:21,0
0,114.024902,22.561567,2016-10-05 05:45:49,0
0,114.024902,22.561567,2016-10-05 05:47:59,0
1,113.956047,22.535032,2016-10-05 05:50:02,0
0,114.024902,22.561567,2016-10-05 05:50:09,0
1,113.95929699999999,22.534599,2016-10-05 05:51:23,0
0,114.02507,22.561434,2016-10-05 05:51:39,0
0,114.02507,22.561434,2016-10-05 05:52:19,0
0,114.039948,22.551617,2016-10-05 05:59:29,0
0,114.044197,22.543383,2016-10-05 06:02:19,0
0,114.04446399999999,22.525883,2016-10-05 06:04:28,0
1,113.962379,22.534166,2016-10-05 06:06:07,0
0,114.048653,22.52335,2016-10-05 06:06:39,0
0,114.04863,22.522232000000002,2016-10-05 06:06:59,0
1,113.962318,22.534149,2016-10-05 06:07:12,0
0,114.04713400000001,22.521267,2016-10-05 06:07:59,0
0,114.04681399999998,22.520967000000002,2016-10-05 06:08:49,0
0,114.04681399999998,22.520967000000002,2016-10-05 06:10:59,0
1,114.04576899999999,22.531282,2016-10-05 06:18:04,0
0,114.04675300000001,22.52075,2016-10-05 06:18:59,0
0,114.04675300000001,22.52075,2016-10-05 06:20:19,0
1,114.072449,22.5317,2016-10-05 06:20:15,0
1,114.072868,22.531717,2016-10-05 06:20:16,0
1,114.075447,22.531717,2016-10-05 06:20:28,0
0,114.046501,22.520634,2016-10-05 06:24:19,0
2,113.917381,22.568768,2016-10-05 06:25:09,0
0,114.046501,22.520634,2016-10-05 06:25:09,0
1,114.113914,22.534384,2016-10-05 06:26:45,0
0,114.04653200000001,22.520782,2016-10-05 06:30:39,0
0,114.04653200000001,22.520782,2016-10-05 06:31:19,0
0,114.04653200000001,22.520782,2016-10-05 06:31:59,0
0,114.04653200000001,22.520782,2016-10-05 06:35:19,0
1,114.08841699999999,22.543132999999997,2016-10-05 06:39:52,1
0,114.04656999999999,22.5208,2016-10-05 06:39:59,0
0,114.04258,22.520817,2016-10-05 06:42:19,0
0,114.042084,22.521366,2016-10-05 06:42:29,0
1,114.10392,22.549167999999998,2016-10-05 06:43:49,0
0,114.047432,22.531133999999998,2016-10-05 06:44:19,0
0,114.058403,22.531334,2016-10-05 06:45:29,0
0,114.065964,22.531733,2016-10-05 06:46:19,0
0,114.066849,22.524,2016-10-05 06:48:49,0
0,114.06696299999999,22.523968,2016-10-05 06:49:59,0
1,114.11113,22.534567000000003,2016-10-05 06:50:07,1
0,114.06741299999999,22.523817,2016-10-05 06:51:09,0
0,114.06741299999999,22.523817,2016-10-05 06:51:49,0
0,114.06741299999999,22.523817,2016-10-05 06:52:59,0
0,114.06741299999999,22.523817,2016-10-05 06:55:19,0
0,114.06741299999999,22.523817,2016-10-05 06:56:29,0
0,114.06741299999999,22.523817,2016-10-05 06:57:09,0
1,114.079369,22.535767,2016-10-05 06:59:16,1
0,114.06741299999999,22.523817,2016-10-05 06:59:39,0
0,114.06788600000002,22.52375,2016-10-05 07:01:29,0
0,114.06819899999999,22.523701000000003,2016-10-05 07:02:09,0
0,114.06819899999999,22.523701000000003,2016-10-05 07:02:49,0
0,114.06833600000002,22.523899,2016-10-05 07:04:39,0
0,114.06833600000002,22.523899,2016-10-05 07:05:09,0
1,113.98818200000001,22.524483,2016-10-05 07:06:30,1
0,114.06833600000002,22.523899,2016-10-05 07:06:29,0
2,113.91832,22.5502,2016-10-05 07:06:53,0
2,113.91878500000001,22.544767,2016-10-05 07:08:20,0
0,114.068031,22.5238,2016-10-05 07:09:29,0
0,114.068031,22.5238,2016-10-05 07:10:39,0
2,113.91303300000001,22.535418,2016-10-05 07:12:07,0
1,113.946381,22.5082,2016-10-05 07:12:43,1
1,113.94636499999999,22.507168,2016-10-05 07:14:12,1
1,113.94635,22.507116,2016-10-05 07:14:16,1
1,113.946335,22.506683,2016-10-05 07:14:55,1
1,113.946335,22.506683,2016-10-05 07:15:04,1
1,113.946335,22.506683,2016-10-05 07:15:08,1
3,114.0298,22.563932,2016-10-05 10:22:52,1
0,114.068031,22.5238,2016-10-05 07:15:59,0
2,113.91473400000001,22.526817,2016-10-05 07:16:29,0
0,113.99675,22.545401000000002,2016-10-05 08:56:08,0
2,113.978035,22.540501000000003,2016-10-05 08:57:16,0
2,113.98037,22.539433,2016-10-05 08:59:25,1
4,114.114098,22.5459,2016-10-05 10:37:16,0
2,113.98251299999998,22.536867,2016-10-05 09:02:35,0
2,113.980469,22.536633,2016-10-05 09:03:35,0
1,114.03668200000001,22.523216,2016-10-05 09:04:06,1
0,114.021049,22.54085,2016-10-05 09:04:26,0
1,114.03685,22.523417000000002,2016-10-05 09:04:28,1
1,114.04036699999999,22.521883,2016-10-05 09:04:57,1
1,114.041321,22.521366,2016-10-05 09:05:05,1
0,114.02031699999999,22.542382999999997,2016-10-05 09:06:06,0
0,114.023247,22.539467000000002,2016-10-05 09:07:06,0
0,114.02433,22.535168,2016-10-05 09:07:36,0
0,114.05208600000002,22.531218,2016-10-05 09:11:23,0
1,114.05086499999999,22.550949,2016-10-05 09:12:21,0
0,114.066048,22.525033999999998,2016-10-05 09:14:53,0
4,114.02984599999999,22.530317,2016-10-05 10:55:16,1
0,114.066048,22.525033999999998,2016-10-05 09:15:23,0
0,114.065903,22.525101,2016-10-05 09:15:53,0
2,113.96178400000001,22.556316,2016-10-05 09:16:23,1
0,114.065903,22.525101,2016-10-05 09:16:23,0
1,114.04931599999999,22.549383,2016-10-05 09:18:25,0
1,114.049301,22.5494,2016-10-05 09:19:25,0
2,113.958549,22.565132000000002,2016-10-05 09:19:39,0
0,114.06583400000001,22.524782000000002,2016-10-05 09:20:23,0
2,113.963348,22.551767,2016-10-05 09:23:08,0
4,113.98196399999999,22.536217,2016-10-05 11:08:26,0
2,113.965981,22.55225,2016-10-05 09:25:00,0
4,113.98376499999999,22.5362,2016-10-05 11:09:26,0
4,113.990532,22.5354,2016-10-05 11:10:26,0
4,113.99305,22.535101,2016-10-05 11:11:26,0
4,113.99185200000001,22.542049,2016-10-05 11:12:26,0
1,114.01433600000001,22.563617999999998,2016-10-05 09:27:36,1
1,114.01403,22.564882,2016-10-05 09:27:44,1
4,113.993851,22.544317000000003,2016-10-05 11:13:26,0
0,114.067619,22.523817,2016-10-05 09:28:13,0
2,113.97343400000001,22.545532,2016-10-05 09:28:13,0
4,113.99893200000001,22.546,2016-10-05 11:14:26,0
1,114.011482,22.569532000000002,2016-10-05 09:29:05,1
4,114.003548,22.547001,2016-10-05 11:15:26,0
0,114.06826799999999,22.52375,2016-10-05 09:30:03,0
4,114.00673700000002,22.549217000000002,2016-10-05 11:16:26,0
0,114.06826799999999,22.52375,2016-10-05 09:30:33,0
1,114.010429,22.591383,2016-10-05 09:30:34,1
4,114.009399,22.5527,2016-10-05 11:17:26,0
0,114.06826799999999,22.52375,2016-10-05 09:31:03,0
4,114.009399,22.5527,2016-10-05 11:18:26,0
4,114.009666,22.55345,2016-10-05 11:19:26,0
4,114.009666,22.55345,2016-10-05 11:20:26,0
4,114.00985,22.553766,2016-10-05 11:21:26,0
4,114.01298500000001,22.555317000000002,2016-10-05 11:22:26,0
4,114.01518200000001,22.555283,2016-10-05 11:23:26,0
4,114.020401,22.55545,2016-10-05 11:24:26,0
4,114.02903,22.556534,2016-10-05 11:25:26,0
4,114.02916699999999,22.556549,2016-10-05 11:26:26,0
0,114.06804699999999,22.523832000000002,2016-10-05 09:37:33,0
4,114.02766399999999,22.558033,2016-10-05 11:27:26,0
4,114.02788500000001,22.560917,2016-10-05 11:28:26,0
4,114.035118,22.562182999999997,2016-10-05 11:29:28,0
0,114.06811499999999,22.538,2016-10-05 09:40:11,1
4,114.046204,22.564567999999998,2016-10-05 11:31:28,0
2,113.9618,22.542832999999998,2016-10-05 09:41:05,1
4,114.046204,22.564567999999998,2016-10-05 11:32:27,0
2,113.93446399999999,22.542801,2016-10-05 09:43:50,1
2,113.919418,22.543283,2016-10-05 09:45:24,1
2,113.919403,22.543283,2016-10-05 09:45:32,1
2,113.919334,22.54315,2016-10-05 09:46:06,1
0,114.0783,22.559982,2016-10-05 09:46:21,1
2,113.91253700000001,22.544416000000002,2016-10-05 09:46:56,1
1,114.01080300000001,22.596933,2016-10-05 09:47:45,0
1,114.01013200000001,22.592083,2016-10-05 09:47:58,0
1,114.014633,22.560984,2016-10-05 09:51:17,0
0,114.08038300000001,22.557382999999998,2016-10-05 09:52:01,1
0,114.081947,22.558167,2016-10-05 09:52:31,1
1,114.022484,22.542168,2016-10-05 09:53:07,0
2,113.907219,22.550817000000002,2016-10-05 09:53:59,1
0,114.09108,22.552032,2016-10-05 09:55:21,1
1,114.014618,22.53805,2016-10-05 09:55:36,0
3,114.054184,22.563534,2016-10-05 11:56:09,0
3,114.0541,22.5632,2016-10-05 11:57:09,0
3,114.0541,22.5632,2016-10-05 11:58:09,0
4,114.06289699999999,22.5305,2016-10-05 11:58:28,1
3,114.0541,22.5632,2016-10-05 11:59:09,0
1,113.992653,22.536167000000003,2016-10-05 10:01:10,0
3,114.0541,22.5632,2016-10-05 12:00:09,0
4,114.06298100000001,22.528667000000002,2016-10-05 12:00:28,0
4,114.10891699999999,22.537416,2016-10-05 12:07:28,0
2,113.917397,22.522033999999998,2016-10-05 10:08:26,0
4,114.12528200000001,22.541833999999998,2016-10-05 12:09:28,0
2,113.91721299999999,22.521282,2016-10-05 10:08:34,0
0,114.089584,22.5634,2016-10-05 10:09:03,0
4,114.133751,22.546432,2016-10-05 12:10:28,0
4,114.13928200000001,22.554068,2016-10-05 12:11:28,0
0,114.08998100000001,22.5611,2016-10-05 10:10:23,0
1,113.93858300000001,22.542932999999998,2016-10-05 10:10:38,1
4,114.14716299999999,22.555517000000002,2016-10-05 12:12:28,0
4,114.156853,22.56045,2016-10-05 12:13:28,0
4,114.167786,22.5627,2016-10-05 12:14:28,0
0,114.090652,22.558817,2016-10-05 10:12:13,0
4,114.17718500000001,22.560417,2016-10-05 12:15:28,0
4,114.17913100000001,22.5585,2016-10-05 12:16:29,0
1,113.91901399999999,22.543283,2016-10-05 10:13:49,1
4,114.1791,22.5581,2016-10-05 12:17:29,0
0,114.094765,22.556784,2016-10-05 10:14:03,0
4,114.1791,22.5581,2016-10-05 12:18:29,0
1,113.91028600000001,22.547132,2016-10-05 10:15:10,1
4,114.178497,22.557083,2016-10-05 12:19:29,0
4,114.178497,22.557083,2016-10-05 12:20:29,0
0,114.094765,22.556784,2016-10-05 10:16:23,0
2,113.913071,22.521017,2016-10-05 10:16:51,0
4,114.178497,22.557083,2016-10-05 12:21:29,0
4,114.178497,22.557083,2016-10-05 12:22:29,0
1,113.91001899999999,22.541166,2016-10-05 10:18:13,0
4,114.178497,22.557083,2016-10-05 12:23:29,0
4,114.17898600000001,22.557617,2016-10-05 12:24:29,0
4,114.17898600000001,22.557617,2016-10-05 12:25:29,0
0,114.09481799999999,22.55645,2016-10-05 10:20:03,0
4,114.17898600000001,22.557617,2016-10-05 12:26:29,0
1,113.913353,22.539167000000003,2016-10-05 10:21:02,0
4,114.17898600000001,22.557617,2016-10-05 12:27:29,0
4,114.17898600000001,22.557617,2016-10-05 12:28:29,0
0,114.09466599999999,22.556601,2016-10-05 10:21:53,0
4,114.17898600000001,22.557617,2016-10-05 12:29:29,0
4,114.178886,22.557684,2016-10-05 12:30:29,0
0,114.09466599999999,22.556601,2016-10-05 10:23:43,0
1,113.91552,22.542999,2016-10-05 10:23:58,0
4,114.178886,22.557684,2016-10-05 12:31:29,0
4,114.178886,22.557684,2016-10-05 12:32:29,0
4,114.178886,22.557684,2016-10-05 12:33:29,0
2,113.91555,22.542633,2016-10-05 10:25:54,1
4,114.178886,22.557684,2016-10-05 12:34:29,0
0,114.09465,22.556583,2016-10-05 10:26:23,0
4,114.178886,22.557684,2016-10-05 12:35:29,0
4,114.178886,22.557684,2016-10-05 12:36:29,0
4,114.178886,22.557684,2016-10-05 12:37:29,0
4,114.178886,22.557684,2016-10-05 12:38:29,0
2,113.894501,22.565001000000002,2016-10-05 10:29:19,1
4,114.178886,22.557684,2016-10-05 12:39:29,0
4,114.178886,22.557684,2016-10-05 12:40:29,0
0,114.09465,22.556732,2016-10-05 10:30:33,0
1,113.937149,22.542168,2016-10-05 10:31:11,0
4,114.178886,22.557684,2016-10-05 12:41:29,0
0,114.094749,22.556499,2016-10-05 10:31:43,0
4,114.178886,22.557684,2016-10-05 12:42:29,0
2,113.87373400000001,22.58585,2016-10-05 10:31:58,1
4,114.178886,22.557684,2016-10-05 12:43:29,0
1,113.94056699999999,22.540198999999998,2016-10-05 10:32:24,0
2,113.86692,22.595417,2016-10-05 10:33:11,1
4,114.178886,22.557684,2016-10-05 12:44:29,0
4,114.178886,22.557684,2016-10-05 12:45:29,0
2,113.86084699999999,22.604682999999998,2016-10-05 10:34:24,1
4,114.178886,22.557684,2016-10-05 12:46:29,0
0,114.09483300000001,22.556632999999998,2016-10-05 10:34:53,0
4,114.178886,22.557684,2016-10-05 12:47:30,0
4,114.178886,22.557684,2016-10-05 12:48:30,0
4,114.178886,22.557684,2016-10-05 12:49:30,0
4,114.178886,22.557684,2016-10-05 12:50:30,0
0,114.094719,22.556667,2016-10-05 10:37:43,0
4,114.178886,22.557684,2016-10-05 12:51:30,0
1,113.959351,22.543182,2016-10-05 10:38:43,0
4,114.178886,22.557684,2016-10-05 12:52:30,0
4,114.178886,22.557684,2016-10-05 12:53:30,0
0,114.09481799999999,22.556767,2016-10-05 10:40:03,0
4,114.178886,22.557684,2016-10-05 12:54:30,0
2,113.821983,22.656133999999998,2016-10-05 10:40:40,1
2,113.821983,22.656133999999998,2016-10-05 10:40:41,1
2,113.821983,22.656133999999998,2016-10-05 10:40:42,1
2,113.821983,22.656133999999998,2016-10-05 10:40:43,1
4,114.178886,22.557684,2016-10-05 12:55:30,0
0,114.09481799999999,22.556767,2016-10-05 10:42:23,0
4,114.178886,22.557684,2016-10-05 12:57:30,0
1,113.97451799999999,22.537617,2016-10-05 10:43:14,1
4,114.178886,22.557684,2016-10-05 12:58:30,0
0,114.09463500000001,22.556749,2016-10-05 10:43:43,0
4,114.178886,22.557684,2016-10-05 12:59:30,0
4,114.178886,22.557684,2016-10-05 13:00:30,0
4,114.178886,22.557684,2016-10-05 13:07:30,0
1,113.9263,22.543051000000002,2016-10-05 10:50:25,1
4,114.178886,22.557684,2016-10-05 13:08:30,0
0,114.09468100000001,22.554317,2016-10-05 10:51:03,0
2,113.828148,22.704901,2016-10-05 10:51:17,0
2,113.828148,22.704901,2016-10-05 10:51:18,0
2,113.828148,22.704901,2016-10-05 10:51:19,0
2,113.82811699999999,22.704884,2016-10-05 10:51:25,0
2,113.82811699999999,22.704884,2016-10-05 10:51:26,0
2,113.82811699999999,22.704884,2016-10-05 10:51:27,0
2,113.82811699999999,22.704884,2016-10-05 10:51:28,0
4,114.178886,22.557684,2016-10-05 13:09:30,0
4,114.178886,22.557684,2016-10-05 13:10:30,0
4,114.178886,22.557684,2016-10-05 13:11:30,0
4,114.181564,22.5567,2016-10-05 13:13:30,0
4,114.18423500000002,22.555517000000002,2016-10-05 13:14:30,0
1,113.905869,22.555082000000002,2016-10-05 10:55:37,0
2,113.82778200000001,22.705417999999998,2016-10-05 10:56:44,0
2,113.82778200000001,22.705417999999998,2016-10-05 10:56:45,0
2,113.82778200000001,22.705417999999998,2016-10-05 10:56:46,0
2,113.82778200000001,22.705417999999998,2016-10-05 10:56:47,0
4,114.186302,22.560368,2016-10-05 13:16:30,0
1,113.901154,22.560682,2016-10-05 10:57:37,0
4,114.183121,22.558398999999998,2016-10-05 13:17:30,0
2,113.82728600000002,22.698133,2016-10-05 10:57:44,0
2,113.82728600000002,22.698133,2016-10-05 10:57:45,0
2,113.82728600000002,22.698133,2016-10-05 10:57:46,0
2,113.82728600000002,22.698133,2016-10-05 10:57:47,0
4,114.17963400000001,22.55875,2016-10-05 13:18:30,0
1,113.899216,22.562799,2016-10-05 10:58:58,0
4,114.178932,22.559483,2016-10-05 13:19:30,0
1,113.900848,22.564367,2016-10-05 10:59:46,0
1,113.90097,22.564466,2016-10-05 10:59:50,0
4,114.177986,22.560049,2016-10-05 13:20:29,1
4,114.177986,22.560049,2016-10-05 13:21:29,1
0,114.09418500000001,22.551832,2016-10-05 11:01:28,1
4,114.1689,22.562851000000002,2016-10-05 13:22:29,1
0,114.09306299999999,22.551867,2016-10-05 11:01:38,1
4,114.156784,22.560717,2016-10-05 13:23:29,1
4,114.154633,22.560432000000002,2016-10-05 13:24:30,1
0,114.08646399999999,22.552868,2016-10-05 11:03:45,1
0,114.087418,22.553832999999997,2016-10-05 11:04:45,1
2,113.82186899999999,22.674549,2016-10-05 11:05:00,0
2,113.82186899999999,22.674549,2016-10-05 11:05:01,0
2,113.82186899999999,22.674549,2016-10-05 11:05:02,0
2,113.82186899999999,22.674549,2016-10-05 11:05:03,0
0,114.08746299999999,22.553667,2016-10-05 11:05:45,1
0,114.087318,22.553867,2016-10-05 11:06:15,1
0,114.08753200000001,22.553967,2016-10-05 11:06:45,1
0,114.08773000000001,22.5539,2016-10-05 11:07:45,1
0,114.08773000000001,22.5539,2016-10-05 11:08:15,1
1,113.905716,22.554367000000003,2016-10-05 11:09:09,0
1,113.90567,22.55435,2016-10-05 11:10:53,0
1,113.90570100000001,22.554367000000003,2016-10-05 11:13:14,0
0,114.084396,22.5494,2016-10-05 11:14:35,1
2,113.854248,22.612766,2016-10-05 11:17:12,0
2,113.854851,22.611584,2016-10-05 11:17:33,0
0,114.082901,22.543266,2016-10-05 11:19:55,1
0,114.078529,22.5434,2016-10-05 11:20:25,1
0,114.0765,22.5432,2016-10-05 11:20:55,1
0,114.071899,22.542999,2016-10-05 11:21:38,1
1,113.95026399999999,22.570833,2016-10-05 11:22:18,1
0,114.07225,22.54295,2016-10-05 11:23:08,1
1,113.94983700000002,22.571466,2016-10-05 11:24:10,1
2,113.882782,22.576332,2016-10-05 11:24:11,0
2,113.883614,22.5756,2016-10-05 11:24:19,0
2,113.88385,22.575398999999997,2016-10-05 11:24:20,0
0,114.080582,22.543682,2016-10-05 11:24:48,0
2,113.888268,22.571266,2016-10-05 11:25:19,0
1,113.95891599999999,22.572917999999998,2016-10-05 11:32:21,0
2,113.905983,22.553717000000002,2016-10-05 11:33:42,0
1,113.96086899999999,22.563232,2016-10-05 11:36:42,1
1,113.961533,22.561733,2016-10-05 11:36:54,1
2,113.905952,22.55385,2016-10-05 11:38:41,0
1,113.960251,22.547199,2016-10-05 11:38:42,1
0,114.11873600000001,22.553482000000002,2016-10-05 11:39:09,0
0,114.11895,22.553617000000003,2016-10-05 11:39:39,0
1,113.959747,22.543768,2016-10-05 11:39:46,1
2,113.90603600000001,22.553801,2016-10-05 11:39:54,0
1,113.95988500000001,22.543132999999997,2016-10-05 11:40:38,1
1,113.96817,22.540117000000002,2016-10-05 11:41:31,1
2,113.90713500000001,22.55245,2016-10-05 11:42:08,1
1,113.97456399999999,22.537617,2016-10-05 11:42:52,1
0,114.12297099999999,22.546618,2016-10-05 11:43:36,1
2,113.909668,22.535017,2016-10-05 11:46:04,1
0,114.110947,22.536034,2016-10-05 11:51:03,1
0,114.111465,22.532818,2016-10-05 11:52:13,1
2,113.907402,22.514816,2016-10-05 11:52:39,0
1,113.989632,22.535534,2016-10-05 11:56:29,0
1,113.990181,22.5354,2016-10-05 11:56:37,0
2,113.913147,22.521233,2016-10-05 11:58:36,0
2,113.910347,22.5186,2016-10-05 11:59:49,0
0,114.112816,22.535618,2016-10-05 12:00:19,0
2,113.908897,22.516482999999997,2016-10-05 12:00:40,0
0,114.11395300000001,22.534317,2016-10-05 12:03:09,0
2,113.915764,22.531067,2016-10-05 12:05:02,0
0,114.11395300000001,22.534283,2016-10-05 12:05:09,0
1,113.985153,22.529498999999998,2016-10-05 12:05:10,0
0,114.11395300000001,22.534283,2016-10-05 12:05:39,0
2,113.915718,22.531733,2016-10-05 12:06:16,1
1,113.98991399999998,22.535917,2016-10-05 12:09:14,0
0,114.10524699999999,22.537416,2016-10-05 12:09:36,1
2,113.91756399999998,22.535601,2016-10-05 12:10:50,0
1,113.988716,22.538732999999997,2016-10-05 12:10:58,0
3,113.907021,22.552349,2016-10-05 14:59:12,0
3,113.907082,22.551832,2016-10-05 14:59:20,0
0,114.085052,22.537416,2016-10-05 12:11:30,1
0,114.08433500000001,22.537416,2016-10-05 12:11:33,1
0,114.082581,22.537466000000002,2016-10-05 12:11:43,1
1,113.989304,22.541634,2016-10-05 12:11:50,0
4,114.113647,22.545967,2016-10-05 15:02:25,1
0,114.06451399999999,22.5319,2016-10-05 12:14:03,1
0,114.06282,22.532632999999997,2016-10-05 12:14:33,1
2,113.91716799999999,22.535432999999998,2016-10-05 12:14:40,1
0,114.06278200000001,22.52825,2016-10-05 12:15:03,1
1,113.99136399999999,22.5441,2016-10-05 12:16:40,1
1,113.99136399999999,22.544082999999997,2016-10-05 12:18:24,1
1,113.992302,22.5373,2016-10-05 12:19:24,1
2,113.926247,22.523283,2016-10-05 12:20:16,1
1,114.00261699999999,22.535851,2016-10-05 12:21:16,1
0,114.05188000000001,22.525883,2016-10-05 12:21:23,0
0,114.05131499999999,22.52445,2016-10-05 12:22:13,0
3,113.90353400000001,22.530199,2016-10-05 15:17:21,0
1,114.00054899999999,22.539818,2016-10-05 12:25:00,0
2,113.92348500000001,22.535534,2016-10-05 12:25:06,1
1,114.00126599999999,22.5376,2016-10-05 12:25:52,0
1,114.00243400000001,22.53735,2016-10-05 12:29:07,0
0,114.04861499999998,22.524717000000003,2016-10-05 12:29:20,0
0,114.071564,22.531584,2016-10-05 12:35:20,0
2,113.907219,22.5441,2016-10-05 12:35:50,0
0,114.07218200000001,22.528982,2016-10-05 12:36:19,0
2,113.90906499999998,22.5443,2016-10-05 12:37:51,0
2,113.90943100000001,22.549717,2016-10-05 12:40:05,0
0,114.069199,22.532034,2016-10-05 12:40:50,0
2,113.909599,22.550234,2016-10-05 12:40:11,0
2,113.910049,22.551132,2016-10-05 12:40:20,0
2,113.910049,22.551132,2016-10-05 12:40:21,0
2,113.92293500000001,22.554199,2016-10-05 12:42:31,0
0,114.06586499999999,22.5247,2016-10-05 12:43:00,0
2,113.92293500000001,22.553783,2016-10-05 12:44:00,0
2,113.92303500000001,22.55365,2016-10-05 12:49:00,0
0,114.067467,22.523832000000002,2016-10-05 12:49:00,0
1,114.000786,22.537848999999998,2016-10-05 12:50:37,0
0,114.041031,22.5334,2016-10-05 14:22:30,0
1,114.052551,22.541718,2016-10-05 14:22:45,0
1,114.05163600000002,22.541267,2016-10-05 14:23:58,0
2,113.917519,22.535549,2016-10-05 14:24:11,0
0,114.04409799999999,22.534,2016-10-05 14:24:20,0
1,114.05145300000001,22.54105,2016-10-05 14:25:03,0
1,114.05151399999998,22.541017999999998,2016-10-05 14:25:11,0
4,114.11413600000002,22.531349,2016-10-05 15:59:35,0
2,113.91891499999998,22.527634,2016-10-05 14:33:04,1
0,114.056602,22.531317,2016-10-05 14:33:20,1
0,114.06186699999999,22.53145,2016-10-05 14:33:50,1
3,113.915451,22.542732,2016-10-05 16:13:21,1
2,113.91928100000001,22.541833999999998,2016-10-05 14:37:03,1
0,114.068001,22.547382,2016-10-05 14:37:10,1
0,114.068001,22.549833,2016-10-05 14:37:40,1
1,114.050247,22.541082,2016-10-05 14:38:12,0
2,113.91922,22.542683,2016-10-05 14:38:55,1
1,114.050247,22.541,2016-10-05 14:39:04,0
2,113.91922,22.542667,2016-10-05 14:39:03,1
0,114.067986,22.5508,2016-10-05 14:39:10,1
1,114.050385,22.540867000000002,2016-10-05 14:39:56,0
2,113.91832,22.543332999999997,2016-10-05 14:40:32,1
0,114.067986,22.554951000000003,2016-10-05 14:40:40,1
2,113.91581699999999,22.543467,2016-10-05 14:42:11,0
2,113.91578700000001,22.543682,2016-10-05 14:43:11,0
1,114.050652,22.541517000000002,2016-10-05 14:44:40,0
1,114.050652,22.541483,2016-10-05 14:44:48,0
2,113.91478000000001,22.5438,2016-10-05 14:45:16,1
0,114.09343,22.572032999999998,2016-10-05 14:47:51,1
2,113.91548200000001,22.541367,2016-10-05 14:48:43,1
2,113.916229,22.538532,2016-10-05 14:50:04,1
1,114.050499,22.541918,2016-10-05 14:50:34,0
0,114.099548,22.569882999999997,2016-10-05 14:50:41,1
0,114.10216499999999,22.57155,2016-10-05 14:51:11,1
2,113.91655,22.535482000000002,2016-10-05 14:51:25,1
1,114.050835,22.540951,2016-10-05 14:51:26,0
0,114.10410300000001,22.572701000000002,2016-10-05 14:51:41,1
1,114.051033,22.54215,2016-10-05 14:52:26,0
1,114.057449,22.545583999999998,2016-10-05 14:53:52,0
0,114.103683,22.570284,2016-10-05 14:54:31,0
1,114.057617,22.545517,2016-10-05 14:54:39,0
0,114.10403400000001,22.56185,2016-10-05 14:58:11,0
2,113.91656499999999,22.535583,2016-10-05 14:58:56,1
2,113.91578700000001,22.531717,2016-10-05 15:00:49,1
1,114.048134,22.549333999999998,2016-10-05 15:01:04,0
0,114.099281,22.558367,2016-10-05 15:01:11,0
0,114.09921999999999,22.55545,2016-10-05 15:01:41,0
2,113.91721299999999,22.530983,2016-10-05 15:01:49,1
0,114.097054,22.555567,2016-10-05 15:02:41,0
1,114.05085,22.5511,2016-10-05 15:03:04,0
0,114.095596,22.55555,2016-10-05 15:03:11,0
1,114.060837,22.549534,2016-10-05 15:05:30,0
3,113.93126699999999,22.520849,2016-10-05 16:56:18,0
3,113.93126699999999,22.520849,2016-10-05 16:56:26,0
2,113.91756399999998,22.535601,2016-10-05 15:09:06,0
1,114.0644,22.547417000000003,2016-10-05 15:09:15,0
0,114.08558700000002,22.556334,2016-10-05 15:09:29,1
0,114.08558700000002,22.556334,2016-10-05 15:09:59,1
0,114.08556399999999,22.556351,2016-10-05 15:11:49,1
1,114.067467,22.547583,2016-10-05 15:12:34,0
0,114.08556399999999,22.556351,2016-10-05 15:13:29,1
0,114.08556399999999,22.556351,2016-10-05 15:14:49,1
1,114.075981,22.545668,2016-10-05 15:15:48,0
0,114.08556399999999,22.556351,2016-10-05 15:16:09,1
0,114.08586899999999,22.556717000000003,2016-10-05 15:16:39,1
2,113.916946,22.535601,2016-10-05 15:18:13,1
2,113.91676299999999,22.535583,2016-10-05 15:18:21,1
1,114.079315,22.546932,2016-10-05 15:18:21,0
2,113.918465,22.5308,2016-10-05 15:20:39,1
0,114.09899899999999,22.558483,2016-10-05 15:20:39,1
2,113.91923500000001,22.530567,2016-10-05 15:20:51,1
1,114.08418300000001,22.546316,2016-10-05 15:21:45,1
2,113.921852,22.526367,2016-10-05 15:22:29,1
2,113.925453,22.525617999999998,2016-10-05 15:23:03,1
2,113.947998,22.524,2016-10-05 15:25:17,1
2,113.96026599999999,22.522717,2016-10-05 15:26:10,1
0,114.12498500000001,22.559,2016-10-05 15:26:46,1
1,114.06804699999999,22.53685,2016-10-05 15:28:06,1
0,114.12498500000001,22.559,2016-10-05 15:28:36,1
2,113.999702,22.529833,2016-10-05 15:29:28,1
1,114.06296499999999,22.531366000000002,2016-10-05 15:29:50,1
0,114.127701,22.560534,2016-10-05 15:30:56,1
1,114.062386,22.522766,2016-10-05 15:31:11,1
2,114.020821,22.531982,2016-10-05 15:31:11,1
2,114.037682,22.530434,2016-10-05 15:32:41,1
1,114.063065,22.523884,2016-10-05 15:32:44,0
1,114.063065,22.523884,2016-10-05 15:32:45,0
1,114.063286,22.525833,2016-10-05 15:33:18,0
0,114.12024699999999,22.556267000000002,2016-10-05 15:34:06,1
1,114.07267,22.531633,2016-10-05 15:36:34,0
0,114.11731699999999,22.551634,2016-10-05 15:37:24,1
1,114.078903,22.534218,2016-10-05 15:37:47,0
2,114.03476699999999,22.530701,2016-10-05 15:37:53,1
1,114.079498,22.535334,2016-10-05 15:38:08,0
2,114.035568,22.531133999999998,2016-10-05 15:39:20,1
0,114.11702,22.548567000000002,2016-10-05 15:40:04,1
1,114.081749,22.538549,2016-10-05 15:41:10,1
2,114.03555300000001,22.530932999999997,2016-10-05 15:41:18,1
2,114.035568,22.530916,2016-10-05 15:43:15,1
1,114.07281499999999,22.531866,2016-10-05 15:43:44,1
1,114.07181499999999,22.531834,2016-10-05 15:43:52,1
2,114.0355,22.530967999999998,2016-10-05 15:44:15,1
1,114.046654,22.531616,2016-10-05 15:46:34,1
0,114.11125200000001,22.534283,2016-10-05 15:46:41,1
2,114.035599,22.531032999999997,2016-10-05 15:47:04,1
2,114.03518700000001,22.531082,2016-10-05 15:49:01,1
0,114.112801,22.535749,2016-10-05 15:50:41,0
1,114.04733300000001,22.525766,2016-10-05 15:51:13,1
2,114.026817,22.531082,2016-10-05 15:51:19,1
0,114.11143500000001,22.541134,2016-10-05 15:52:11,0
2,114.01619699999999,22.531334,2016-10-05 15:52:40,1
2,114.01156599999999,22.53035,2016-10-05 15:53:32,1
0,114.110229,22.546782999999998,2016-10-05 15:54:01,0
1,114.043999,22.556632999999998,2016-10-05 15:57:36,1
2,113.98784599999999,22.536432,2016-10-05 15:59:47,1
2,113.982483,22.536617,2016-10-05 16:00:39,1
1,114.04293100000001,22.568518,2016-10-05 16:01:02,1
1,114.042603,22.570048999999997,2016-10-05 16:01:54,1
1,114.04261799999999,22.570048999999997,2016-10-05 16:02:46,1
0,114.11703500000002,22.550751,2016-10-05 16:03:29,1
2,113.971848,22.53915,2016-10-05 16:03:52,1
1,114.043251,22.570467,2016-10-05 16:05:09,1
2,113.97088600000001,22.539568,2016-10-05 16:05:52,0
1,114.053734,22.571117,2016-10-05 16:06:53,1
0,114.131432,22.562017,2016-10-05 16:07:36,1
1,114.053703,22.571082999999998,2016-10-05 16:07:45,1
0,114.131432,22.562017,2016-10-05 16:08:06,1
2,113.96376799999999,22.542932999999998,2016-10-05 16:08:29,0
2,113.963333,22.54715,2016-10-05 16:11:30,0
1,114.05398600000001,22.571466,2016-10-05 16:12:24,0
0,114.135834,22.56715,2016-10-05 16:14:06,1
2,113.961266,22.552349,2016-10-05 16:14:29,0
2,113.961266,22.552349,2016-10-05 16:14:30,0
0,114.13776399999999,22.568518,2016-10-05 16:15:06,1
1,114.04871399999999,22.567066,2016-10-05 16:15:30,1
2,113.962181,22.557867,2016-10-05 16:16:21,0
1,114.03056299999999,22.562,2016-10-05 16:17:59,1
1,114.019051,22.56045,2016-10-05 16:18:59,1
2,113.948181,22.556032000000002,2016-10-05 16:19:13,0
1,114.014183,22.561251000000002,2016-10-05 16:19:59,1
1,114.01535,22.556867999999998,2016-10-05 16:20:29,1
0,114.149864,22.600634,2016-10-05 16:20:36,1
1,114.018082,22.551482999999998,2016-10-05 16:20:59,1
2,113.92913100000001,22.566,2016-10-05 16:23:26,0
0,114.156754,22.614401,2016-10-05 16:24:26,0
1,114.007019,22.529699,2016-10-05 16:25:27,1
1,113.98777,22.524384,2016-10-05 16:27:48,1
0,114.15596799999999,22.597182999999998,2016-10-05 16:28:46,0
0,114.153168,22.596684,2016-10-05 16:29:16,0
0,114.152,22.594299,2016-10-05 16:29:46,0
0,114.150368,22.591984,2016-10-05 16:30:16,0
1,113.977783,22.527782000000002,2016-10-05 16:30:40,1
0,114.150253,22.5895,2016-10-05 16:30:46,0
2,113.918602,22.557266000000002,2016-10-05 16:33:03,0
0,114.12925,22.579567,2016-10-05 16:39:16,0
0,114.128548,22.579532999999998,2016-10-05 16:39:26,0
1,113.96748400000001,22.540251,2016-10-05 16:40:40,0
0,114.122749,22.577017,2016-10-05 16:41:16,0
1,113.969315,22.539667,2016-10-05 16:41:40,0
0,114.119965,22.576483,2016-10-05 16:41:46,0
4,114.12148300000001,22.568967999999998,2016-10-05 19:07:41,0
1,113.969551,22.5396,2016-10-05 16:42:32,0
0,114.11163300000001,22.576651000000002,2016-10-05 16:42:46,0
4,114.123779,22.567066,2016-10-05 19:09:41,0
2,113.91055300000001,22.535418,2016-10-05 16:43:25,1
2,113.91048400000001,22.53595,2016-10-05 16:44:33,0
4,114.12498500000001,22.5595,2016-10-05 19:13:41,1
4,114.127769,22.556932,2016-10-05 19:14:41,1
0,114.099281,22.570517000000002,2016-10-05 16:47:57,1
0,114.099281,22.570517000000002,2016-10-05 16:48:27,1
4,114.125702,22.550051,2016-10-05 19:16:42,1
0,114.099152,22.570267,2016-10-05 16:48:57,1
4,114.125702,22.550051,2016-10-05 19:17:42,1
0,114.098633,22.570168,2016-10-05 16:49:57,1
2,113.91143000000001,22.543682,2016-10-05 16:51:05,0
0,114.098099,22.569982999999997,2016-10-05 16:51:27,1
1,114.014748,22.543484,2016-10-05 16:52:26,1
1,114.019699,22.544532999999998,2016-10-05 16:53:13,1
0,114.097351,22.569967000000002,2016-10-05 16:53:27,1
0,114.097054,22.569834,2016-10-05 16:53:56,1
2,113.91655,22.543067999999998,2016-10-05 16:54:28,1
2,113.918419,22.552816,2016-10-05 16:57:07,1
0,114.080353,22.557083,2016-10-05 16:57:47,1
4,114.11693600000001,22.550882,2016-10-05 19:30:42,1
2,113.921204,22.553467,2016-10-05 16:59:46,1
0,114.076035,22.5495,2016-10-05 17:00:47,1
1,114.035599,22.542382999999997,2016-10-05 17:00:56,0
4,114.118401,22.564751,2016-10-05 19:33:42,1
1,114.035347,22.54385,2016-10-05 17:01:17,0
0,114.077469,22.545348999999998,2016-10-05 17:02:57,0
2,113.922546,22.546368,2016-10-05 17:03:12,1
0,114.077469,22.545348999999998,2016-10-05 17:03:27,0
4,114.110451,22.594683,2016-10-05 19:37:43,1
2,113.92226399999998,22.5427,2016-10-05 17:04:56,1
0,114.07146499999999,22.543118,2016-10-05 17:07:28,1
0,114.068069,22.5439,2016-10-05 17:07:58,1
2,113.918503,22.538683,2016-10-05 17:08:05,1
1,114.035133,22.554768,2016-10-05 17:08:29,0
2,113.9151,22.538933,2016-10-05 17:08:58,1
0,114.06808500000001,22.534782,2016-10-05 17:08:58,1
1,114.035599,22.555218,2016-10-05 17:09:22,0
2,113.91471899999999,22.539749,2016-10-05 17:09:58,1
2,113.915352,22.541782,2016-10-05 17:10:36,1
0,114.07759899999999,22.531933,2016-10-05 17:11:25,0
0,114.077652,22.531933,2016-10-05 17:11:36,0
1,114.050903,22.550966,2016-10-05 17:13:06,0
1,114.050949,22.550217,2016-10-05 17:14:50,0
0,114.076866,22.532132999999998,2016-10-05 17:15:56,1
0,114.07271599999999,22.531918,2016-10-05 17:16:26,1
1,114.050919,22.547649,2016-10-05 17:16:34,1
1,114.05117,22.542182999999998,2016-10-05 17:17:21,1
1,114.05117,22.541833999999998,2016-10-05 17:17:22,1
3,114.05925,22.533583,2016-10-05 20:00:34,0
2,113.908302,22.54475,2016-10-05 17:21:05,1
0,114.06811499999999,22.521732,2016-10-05 17:21:56,0
0,114.065903,22.524332,2016-10-05 17:23:26,0
0,114.068184,22.523617,2016-10-05 17:23:56,0
0,114.068436,22.524182999999997,2016-10-05 17:24:26,0
1,114.024849,22.534682999999998,2016-10-05 17:25:03,1
0,114.068382,22.5317,2016-10-05 17:25:46,0
2,113.90758500000001,22.551849,2016-10-05 17:26:31,1
0,114.06390400000001,22.531933,2016-10-05 17:27:16,0
2,113.909554,22.547182,2016-10-05 17:27:31,1
0,114.059952,22.531918,2016-10-05 17:27:46,0
2,113.90529599999999,22.555767000000003,2016-10-05 17:30:08,1
1,114.02089699999999,22.536266,2016-10-05 17:30:16,0
1,114.01956899999999,22.534651,2016-10-05 17:31:08,0
2,113.90171799999999,22.559566,2016-10-05 17:32:21,1
4,114.12238300000001,22.564982999999998,2016-10-05 20:17:43,0
1,114.024933,22.5329,2016-10-05 17:32:52,0
4,114.12238300000001,22.564982999999998,2016-10-05 20:18:43,0
4,114.122253,22.567017,2016-10-05 20:19:43,0
2,113.90698200000001,22.5578,2016-10-05 17:34:58,1
0,114.047302,22.521282,2016-10-05 17:35:20,0
0,114.04636399999998,22.5203,2016-10-05 17:36:20,0
0,114.046654,22.520933,2016-10-05 17:36:50,0
0,114.046654,22.520933,2016-10-05 17:37:20,0
0,114.046654,22.520933,2016-10-05 17:38:20,0
0,114.04686699999999,22.521151,2016-10-05 17:40:50,0
1,114.03825400000001,22.518467,2016-10-05 17:41:44,0
2,113.910233,22.559182999999997,2016-10-05 17:42:13,1
1,114.035133,22.518048999999998,2016-10-05 17:43:21,0
2,113.91840400000001,22.553583,2016-10-05 17:45:05,1
2,113.92148600000002,22.555067,2016-10-05 17:45:57,1
0,114.046783,22.521182999999997,2016-10-05 17:48:10,0
1,114.04353300000001,22.523684,2016-10-05 17:47:01,1
1,114.04378500000001,22.524217999999998,2016-10-05 17:47:09,1
0,114.046783,22.521182999999997,2016-10-05 17:48:40,0
0,114.046783,22.521182999999997,2016-10-05 17:49:10,0
2,113.923965,22.529833,2016-10-05 17:50:22,1
0,114.046783,22.521048999999998,2016-10-05 17:50:30,0
1,114.04481499999999,22.526199,2016-10-05 17:50:10,1
1,114.044968,22.526917,2016-10-05 17:50:17,1
0,114.046783,22.521048999999998,2016-10-05 17:51:00,0
2,113.92418700000002,22.523567,2016-10-05 17:51:15,1
0,114.046783,22.521048999999998,2016-10-05 17:51:30,0
2,113.92289699999999,22.522984,2016-10-05 17:51:49,1
2,113.922699,22.523632,2016-10-05 17:52:36,1
0,114.046799,22.521048999999998,2016-10-05 17:53:50,0
1,114.02473400000001,22.534733,2016-10-05 17:54:21,1
1,114.024948,22.538467,2016-10-05 17:55:47,0
2,113.91943400000001,22.523849,2016-10-05 17:56:11,0
0,114.046799,22.521048999999998,2016-10-05 17:56:10,0
1,114.025101,22.538366,2016-10-05 17:56:34,0
0,114.04668400000001,22.520982999999998,2016-10-05 17:56:40,0
1,114.025116,22.539499,2016-10-05 17:57:47,1
3,114.074348,22.5756,2016-10-05 20:52:41,0
3,114.074348,22.5756,2016-10-05 20:53:41,0
0,114.046768,22.521182999999997,2016-10-05 17:59:00,0
2,113.91543600000001,22.520468,2016-10-05 17:59:20,0
3,114.07605,22.573267,2016-10-05 20:54:41,0
3,114.07505,22.571882000000002,2016-10-05 20:55:41,0
3,114.06796999999999,22.571301000000002,2016-10-05 20:57:41,0
1,114.04886599999999,22.542368,2016-10-05 18:02:05,1
2,113.914833,22.526733,2016-10-05 18:02:34,0
0,114.047882,22.521084,2016-10-05 18:02:40,0
2,113.914818,22.526667,2016-10-05 18:03:39,0
0,114.05093400000001,22.521133,2016-10-05 18:04:00,0
0,114.05085,22.514084,2016-10-05 18:06:20,0
1,114.075516,22.547068,2016-10-05 18:07:05,0
2,113.91716799999999,22.530916,2016-10-05 18:07:26,1
2,113.917786,22.5308,2016-10-05 18:08:26,1
2,113.91793100000001,22.530783,2016-10-05 18:09:47,1
2,113.91923500000001,22.5305,2016-10-05 18:11:08,1
1,114.067719,22.54385,2016-10-05 18:12:31,0
1,114.068031,22.536867,2016-10-05 18:13:31,0
2,113.919968,22.534733,2016-10-05 18:15:40,1
1,114.064186,22.532249,2016-10-05 18:17:02,0
1,114.064217,22.53215,2016-10-05 18:18:15,0
2,113.919731,22.538616,2016-10-05 18:18:14,1
0,114.08123,22.537382,2016-10-05 18:18:50,1
0,114.08062,22.537083,2016-10-05 18:19:11,0
0,114.08062,22.537083,2016-10-05 18:19:41,0
0,114.07968100000001,22.536234,2016-10-05 18:20:11,0
2,113.921501,22.544184,2016-10-05 18:21:35,1
1,114.06293500000001,22.5263,2016-10-05 18:22:28,0
0,114.07761399999998,22.538683,2016-10-05 18:24:21,1
0,114.078552,22.538767,2016-10-05 18:24:51,1
0,114.07658400000001,22.552383,2016-10-05 20:00:53,1
1,114.094398,22.543467,2016-10-05 20:01:17,1
1,114.094398,22.543467,2016-10-05 20:01:25,1
0,114.075897,22.550217,2016-10-05 20:02:23,1
1,114.08798200000001,22.545151,2016-10-05 20:04:44,1
1,114.087753,22.546,2016-10-05 20:05:36,1
1,114.087883,22.5469,2016-10-05 20:06:36,1
1,114.08431999999999,22.549217000000002,2016-10-05 20:10:28,0
2,114.027847,22.614567,2016-10-05 20:11:28,0
0,114.11401399999998,22.542982000000002,2016-10-05 20:11:41,1
1,114.081703,22.54915,2016-10-05 20:12:20,0
2,114.026917,22.613533,2016-10-05 20:12:19,0
1,114.081001,22.549167999999998,2016-10-05 20:13:12,0
0,114.113998,22.538933,2016-10-05 20:13:41,1
1,114.078979,22.54915,2016-10-05 20:14:26,1
2,114.026802,22.613417000000002,2016-10-05 20:15:02,0
0,114.11556999999999,22.538601,2016-10-05 20:17:01,1
0,114.11581399999999,22.538798999999997,2016-10-05 20:17:31,1
2,114.022453,22.609068,2016-10-05 20:17:46,0
0,114.116219,22.535883,2016-10-05 20:20:31,0
1,114.06433100000001,22.547716,2016-10-05 20:21:32,1
0,114.114449,22.535566,2016-10-05 20:21:31,0
0,114.114502,22.535801,2016-10-05 20:22:01,0
2,114.01606799999999,22.612083,2016-10-05 20:23:53,0
2,114.008904,22.604267,2016-10-05 20:25:06,0
1,114.06316399999999,22.545851000000003,2016-10-05 20:25:06,0
2,114.00383000000001,22.6,2016-10-05 20:25:57,0
1,114.06472,22.547617000000002,2016-10-05 20:26:06,0
1,114.06583400000001,22.547617000000002,2016-10-05 20:26:58,0
1,114.065903,22.547701,2016-10-05 20:27:58,0
3,113.917152,22.531032999999997,2016-10-05 22:12:45,0
3,113.91588600000001,22.532332999999998,2016-10-05 22:13:45,0
1,114.067451,22.54755,2016-10-05 20:29:19,0
3,113.916451,22.535418,2016-10-05 22:14:45,0
2,113.98076599999999,22.592051,2016-10-05 20:30:11,0
3,113.919731,22.535334,2016-10-05 22:15:45,0
0,114.09953300000001,22.5408,2016-10-05 20:31:48,0
1,114.07158700000001,22.546368,2016-10-05 20:31:43,0
1,114.071602,22.54635,2016-10-05 20:31:44,0
1,114.07154799999999,22.546301,2016-10-05 20:31:56,0
4,114.12238300000001,22.613167,2016-10-05 22:19:47,0
4,114.11923200000001,22.61215,2016-10-05 22:20:47,0
1,114.07618000000001,22.547684,2016-10-05 20:34:25,1
4,114.119003,22.612217,2016-10-05 22:21:48,0
4,114.119766,22.611334,2016-10-05 22:22:47,0
1,114.07751499999999,22.5509,2016-10-05 20:35:55,1
1,114.07613400000001,22.550532999999998,2016-10-05 20:38:24,1
0,114.109848,22.55315,2016-10-05 20:40:22,1
0,114.117752,22.569633,2016-10-05 20:44:20,1
1,114.09868600000001,22.558483,2016-10-05 20:44:50,1
1,114.099503,22.558416,2016-10-05 20:45:42,1
4,114.109299,22.59285,2016-10-05 22:37:45,0
0,114.12085,22.579367,2016-10-05 20:47:10,1
0,114.12228400000001,22.579201,2016-10-05 20:47:40,1
0,114.12228400000001,22.579201,2016-10-05 20:48:10,1
0,114.12228400000001,22.579201,2016-10-05 20:48:40,1
2,113.96785,22.58605,2016-10-05 20:48:47,0
0,114.12265,22.57925,2016-10-05 20:49:10,1
1,114.125267,22.55315,2016-10-05 20:49:30,1
0,114.123985,22.57925,2016-10-05 20:50:00,0
2,113.96401999999999,22.588682000000002,2016-10-05 20:51:05,0
0,114.132301,22.579532999999998,2016-10-05 20:53:20,1
0,114.132713,22.580601,2016-10-05 20:53:50,1
1,114.130417,22.554367000000003,2016-10-05 20:54:06,0
4,114.105347,22.558666,2016-10-05 22:48:42,1
0,114.13282,22.581717,2016-10-05 20:54:20,1
2,113.959503,22.592199,2016-10-05 20:57:21,1
1,114.12951699999999,22.551149,2016-10-05 20:58:14,1
1,114.129448,22.551482999999998,2016-10-05 20:58:22,1
2,113.956116,22.5945,2016-10-05 20:58:51,1
0,114.12418400000001,22.579367,2016-10-05 21:00:30,0
1,114.13486499999999,22.558167,2016-10-05 21:00:38,1
2,113.93656899999999,22.600883,2016-10-05 21:02:31,1
0,114.124649,22.564251000000002,2016-10-05 21:07:50,0
0,114.124649,22.563816,2016-10-05 21:08:20,0
1,114.127968,22.54365,2016-10-05 21:08:36,1
0,114.125,22.560867000000002,2016-10-05 21:08:50,0
0,114.12046799999999,22.556632999999998,2016-10-05 21:09:50,0
0,114.118668,22.55385,2016-10-05 21:10:19,0
1,114.12363400000001,22.541,2016-10-05 21:10:35,1
1,114.12266499999998,22.540333,2016-10-05 21:10:43,1
0,114.11805,22.552732000000002,2016-10-05 21:10:41,1
0,114.117699,22.552267,2016-10-05 21:11:21,1
1,114.1092,22.537701000000002,2016-10-05 21:13:00,1
0,114.116684,22.5506,2016-10-05 21:13:31,1
0,114.116615,22.550182,2016-10-05 21:15:01,1
0,114.116867,22.548182999999998,2016-10-05 21:17:41,1
2,113.92334699999999,22.676983,2016-10-05 21:18:11,1
2,113.92334699999999,22.676983,2016-10-05 21:18:12,1
2,113.92334699999999,22.676983,2016-10-05 21:18:13,1
2,113.92334699999999,22.676983,2016-10-05 21:18:14,1
2,113.924866,22.679934,2016-10-05 21:19:42,1
2,113.924866,22.679934,2016-10-05 21:19:43,1
2,113.924866,22.679934,2016-10-05 21:19:44,1
2,113.924866,22.679934,2016-10-05 21:19:45,1
1,114.07135,22.527017999999998,2016-10-05 21:21:06,0
2,113.926903,22.680134,2016-10-05 21:22:52,0
2,113.926903,22.680134,2016-10-05 21:22:53,0
2,113.926903,22.680134,2016-10-05 21:22:54,0
2,113.926903,22.680134,2016-10-05 21:22:55,0
2,113.925781,22.67815,2016-10-05 21:23:53,0
2,113.925781,22.67815,2016-10-05 21:23:54,0
2,113.925781,22.67815,2016-10-05 21:23:55,0
2,113.925781,22.67815,2016-10-05 21:23:56,0
1,114.06047099999999,22.532482,2016-10-05 21:25:46,0
2,113.925049,22.676884,2016-10-05 21:26:16,0
2,113.925049,22.676884,2016-10-05 21:26:17,0
2,113.925049,22.676884,2016-10-05 21:26:18,0
2,113.925049,22.676884,2016-10-05 21:26:19,0
0,114.103699,22.543118,2016-10-05 21:26:53,0
2,113.92205,22.677032,2016-10-05 21:27:47,0
2,113.92205,22.677032,2016-10-05 21:27:48,0
2,113.92205,22.677032,2016-10-05 21:27:49,0
2,113.92205,22.677032,2016-10-05 21:27:50,0
1,114.059196,22.534817,2016-10-05 21:28:17,0
1,114.062431,22.53545,2016-10-05 21:29:10,1
3,113.960365,22.586233,2016-10-05 23:35:51,0
3,113.961685,22.589648999999998,2016-10-05 23:36:51,0
2,113.92001299999998,22.676367000000003,2016-10-05 21:30:10,0
2,113.92001299999998,22.676367000000003,2016-10-05 21:30:11,0
2,113.92001299999998,22.676367000000003,2016-10-05 21:30:12,0
2,113.92001299999998,22.676367000000003,2016-10-05 21:30:13,0
0,114.101349,22.541201,2016-10-05 21:30:32,0
0,114.101196,22.541117,2016-10-05 21:31:02,1
3,113.961983,22.58955,2016-10-05 23:38:51,0
1,114.061264,22.521433,2016-10-05 21:32:05,1
2,113.920097,22.6679,2016-10-05 21:31:49,0
2,113.920097,22.6679,2016-10-05 21:31:50,0
2,113.920097,22.6679,2016-10-05 21:31:51,0
2,113.920097,22.6679,2016-10-05 21:31:52,0
2,113.920097,22.667351,2016-10-05 21:31:57,0
2,113.920097,22.667351,2016-10-05 21:31:56,0
2,113.920097,22.667351,2016-10-05 21:31:55,0
2,113.920097,22.667351,2016-10-05 21:31:54,0
2,113.92001299999998,22.667351,2016-10-05 21:31:59,0
2,113.92001299999998,22.667351,2016-10-05 21:31:58,0
2,113.92001299999998,22.667351,2016-10-05 21:31:57,0
2,113.92001299999998,22.667351,2016-10-05 21:31:56,0
2,113.91963200000001,22.667368,2016-10-05 21:32:05,0
2,113.91963200000001,22.667368,2016-10-05 21:32:06,0
2,113.91963200000001,22.667368,2016-10-05 21:32:07,0
2,113.91963200000001,22.667368,2016-10-05 21:32:08,0
2,113.91893,22.667417999999998,2016-10-05 21:32:13,0
2,113.91893,22.667417999999998,2016-10-05 21:32:14,0
2,113.91893,22.667417999999998,2016-10-05 21:32:15,0
2,113.91893,22.667417999999998,2016-10-05 21:32:16,0
2,113.91893,22.667417999999998,2016-10-05 21:32:14,0
2,113.91893,22.667417999999998,2016-10-05 21:32:15,0
2,113.91893,22.667417999999998,2016-10-05 21:32:16,0
2,113.91893,22.667417999999998,2016-10-05 21:32:17,0
2,113.917549,22.667282,2016-10-05 21:32:26,0
2,113.916519,22.667,2016-10-05 21:32:34,0
2,113.916519,22.667,2016-10-05 21:32:35,0
2,113.916519,22.667,2016-10-05 21:32:36,0
2,113.916519,22.667,2016-10-05 21:32:37,0
1,114.06051599999999,22.52095,2016-10-05 21:33:12,1
0,114.11591299999999,22.546167,2016-10-05 21:34:59,1
0,114.11678300000001,22.547882,2016-10-05 21:35:29,1
1,114.05401599999999,22.523167,2016-10-05 21:36:01,1
0,114.116699,22.550217,2016-10-05 21:37:09,1
1,114.05542,22.520733,2016-10-05 21:38:19,0
1,114.056335,22.5217,2016-10-05 21:38:57,0
2,113.92733,22.636801000000002,2016-10-05 21:40:06,0
3,113.957016,22.565434,2016-10-05 23:53:50,0
1,114.05725100000001,22.523417000000002,2016-10-05 21:42:38,0
0,114.124702,22.562401,2016-10-05 21:43:46,0
1,114.057236,22.52335,2016-10-05 21:44:48,0
0,114.11844599999999,22.553248999999997,2016-10-05 21:45:56,0
